{
  "train_loss": [
    0.6876659230267556,
    0.23377439782530118,
    0.15732819492218908,
    0.13031419855606585,
    0.10351563489866789,
    0.08949437793492984,
    0.07039013165383885,
    0.052527845144982266,
    0.034597081475581416,
    0.03141513524854373,
    0.020409121853083884,
    0.024878499999469433,
    0.033211232833249525,
    0.022792604573892417,
    0.025454157646937037,
    0.017253480287021304,
    0.013159243927584151,
    0.012052285986360623
  ],
  "train_acc": [
    83.53103448275863,
    93.93103448275862,
    95.82068965517242,
    96.33103448275862,
    97.15862068965517,
    97.71034482758621,
    98.01379310344828,
    98.8,
    99.22758620689655,
    99.17241379310344,
    99.44827586206897,
    99.40689655172413,
    99.2,
    99.47586206896551,
    99.21379310344828,
    99.57241379310345,
    99.73793103448276,
    99.73793103448276
  ],
  "val_loss": [
    0.20050471573822984,
    0.1618158581085593,
    0.15943524917377527,
    0.16302151207696225,
    0.18826855635982434,
    0.23667944652369075,
    0.17698770750192985,
    0.1575640700169623,
    0.18488704691969216,
    0.15494848327805438,
    0.13429115814179768,
    0.16393232805468877,
    0.13514399933248103,
    0.14995195678769355,
    0.1392130224840925,
    0.1347871409730629,
    0.13483501130330186,
    0.15194288464168243
  ],
  "val_acc": [
    94.64975179260894,
    95.64258135686707,
    96.19415333701048,
    96.19415333701048,
    96.08383894098179,
    94.70490899062328,
    96.96635410921125,
    97.13182570325428,
    96.63541092112521,
    96.63541092112521,
    97.51792608935466,
    96.85603971318257,
    97.18698290126862,
    97.24214009928296,
    97.573083287369,
    97.573083287369,
    97.73855488141203,
    97.35245449531163
  ]
}