{
  "train_loss": [
    0.6656193408525171,
    0.24859874594831383,
    0.16618290554339152,
    0.08780232620594211,
    0.10387607107683662,
    0.1078661770488887,
    0.07288847918532675,
    0.06477083171205002,
    0.07130136802139639,
    0.05745314968800513,
    0.05687443746571465,
    0.03908965793693735,
    0.02353313785696393,
    0.018384521497039966,
    0.015634278306807806,
    0.017651105596769905,
    0.012722535794118358,
    0.0071696405583523875,
    0.008357358459166285
  ],
  "train_acc": [
    84.49118046132972,
    93.0393487109905,
    95.65807327001357,
    97.69335142469471,
    97.24559023066486,
    96.77069199457259,
    97.81546811397558,
    98.29036635006784,
    98.15468113975577,
    98.41248303934871,
    98.58887381275441,
    98.79240162822252,
    99.2944369063772,
    99.48439620081412,
    99.60651289009498,
    99.51153324287652,
    99.6607869742198,
    99.8371777476255,
    99.75576662143827
  ],
  "val_loss": [
    0.2532326588918985,
    0.21226595213098837,
    0.20114887683292118,
    0.22108602539114583,
    0.2862146854049256,
    0.2457560957381892,
    0.19736948315426944,
    0.222494776956096,
    0.22476271311828785,
    0.22937004651258763,
    0.2670184046827777,
    0.18139217255127532,
    0.19121348316190082,
    0.20255147228660486,
    0.22511143084701746,
    0.21677430110190601,
    0.19779460456419817,
    0.20247107668620537,
    0.2060552339476291
  ],
  "val_acc": [
    93.65165491047206,
    94.79110146500271,
    95.6592512208356,
    95.44221378187737,
    95.82202930005425,
    95.87628865979381,
    96.03906673901248,
    96.47314161692891,
    96.2561041779707,
    96.14758545849159,
    95.6592512208356,
    96.90721649484536,
    97.06999457406403,
    96.85295713510581,
    96.3646228974498,
    96.41888225718937,
    96.79869777536625,
    97.01573521432447,
    96.85295713510581
  ]
}