{
  "train_loss": [
    0.8469484612593018,
    0.25187609423168345,
    0.1950154239659611,
    0.15221584011139774,
    0.12013661252002375,
    0.1163752473027569,
    0.0980324390828822,
    0.08547179134204187,
    0.07691318612991102,
    0.04671813957498233,
    0.029155118965024044,
    0.024553020580812296,
    0.02293612360991721,
    0.01913427049203542,
    0.018341017279468904,
    0.01885673852209125,
    0.02604912372361057,
    0.030636001725203994,
    0.01493259984044737,
    0.014881303300130055,
    0.012617888271399117,
    0.01567088412577648
  ],
  "train_acc": [
    77.02105536781907,
    91.73381855991681,
    92.98154406030673,
    94.43722381076164,
    96.02287496750715,
    96.20483493631401,
    96.90668053028334,
    97.32258903041331,
    97.58253184299454,
    98.51832596828697,
    99.06420587470757,
    99.11619443722381,
    99.06420587470757,
    99.24616584351443,
    99.42812581232128,
    99.40213153106316,
    99.16818299974005,
    98.98622303093319,
    99.45412009357942,
    99.42812581232128,
    99.66207434364439,
    99.48011437483754
  ],
  "val_loss": [
    0.20355438351436503,
    0.19480341325368977,
    0.1938606712215229,
    0.1962185221722781,
    0.18572907059712976,
    0.20614701297256302,
    0.19486482687758236,
    0.20746965967233247,
    0.19010312960017473,
    0.1666454886647846,
    0.15313368607584393,
    0.156730186085549,
    0.17668423421921153,
    0.15976874335245186,
    0.1502251302935009,
    0.1948242413746163,
    0.18690788683484316,
    0.19390568995655097,
    0.19357032557048218,
    0.19203416219124847,
    0.2208059166919231,
    0.1829729592626023
  ],
  "val_acc": [
    92.82744282744282,
    92.82744282744282,
    93.86694386694387,
    93.65904365904366,
    93.76299376299376,
    93.24324324324324,
    93.65904365904366,
    94.07484407484408,
    94.8024948024948,
    95.42619542619542,
    95.53014553014553,
    95.32224532224532,
    95.32224532224532,
    95.11434511434511,
    95.21829521829522,
    94.9064449064449,
    94.5945945945946,
    95.63409563409563,
    95.01039501039502,
    95.53014553014553,
    94.6985446985447,
    95.42619542619542
  ]
}